language,tokenizer,condition,premium_NFC,premium_after,share_excess_removed,premium_NFC_ci95_low,premium_NFC_ci95_high,premium_after_ci95_low,premium_after_ci95_high,share_excess_removed_ci95_low,share_excess_removed_ci95_high
Hausa,natlas_llama,hooked_letters_replaced,1.7507588331944484,1.6579817333768303,0.1235777665416939,1.7387147534785068,1.7633034457299783,1.6478788080083238,1.6681226168646321,0.11783793823598956,0.12933425620686867
Hausa,gemma4,hooked_letters_replaced,1.517163354005097,1.4720288517433757,0.0872732027746817,1.5075259656822249,1.526983449242755,1.4631766532741526,1.4810034059061454,0.08276522760621124,0.09176427151181603
Igbo,natlas_llama,tone_only_removed,2.1026421347291144,2.0974909775927615,0.004671649100021403,2.0866293420631705,2.119240945559196,2.0816126636998846,2.1139519158823767,0.0038025464651824862,0.005602134902994856
Igbo,natlas_llama,underdot_only_removed,2.1026421347291144,1.8026708542173395,0.2720477216168315,2.0866293420631705,2.119240945559196,1.7911198234788301,1.8144663668995615,0.26662573595944816,0.27729404549080633
Igbo,natlas_llama,tone_and_underdot_removed,2.1026421347291144,1.7974695234725155,0.2767648737925025,2.0866293420631705,2.119240945559196,1.7860510542398202,1.8090843679501127,0.27138419804230923,0.282127497813178
Igbo,natlas_llama,all_Mn_removed,2.1026421347291144,1.7970179609962766,0.2771744014733487,2.0866293420631705,2.119240945559196,1.7856608405021217,1.8086166641602097,0.27178372486268904,0.28252910445663976
Igbo,gemma4,tone_only_removed,1.8954004834479887,1.891389018478919,0.00448007907436281,1.8800456464561421,1.911066688957623,1.8761954846718698,1.906887175934783,0.0036321279262679558,0.005359710650196654
Igbo,gemma4,underdot_only_removed,1.8954004834479887,1.6452689281891313,0.27935159728265535,1.8800456464561421,1.911066688957623,1.6335481374928682,1.657042519244202,0.2738171710127059,0.28479312340003604
Igbo,gemma4,tone_and_underdot_removed,1.8954004834479887,1.6412240343453193,0.2838690103493046,1.8800456464561421,1.911066688957623,1.629625541007351,1.6528997894040687,0.27837695177725236,0.2893653058615684
Igbo,gemma4,all_Mn_removed,1.8954004834479887,1.640873031160526,0.28426101726831104,1.8800456464561421,1.911066688957623,1.629261397121873,1.6525190441711421,0.2787772274586421,0.2898066240078176
Yoruba,natlas_llama,tone_only_removed,2.32553403759413,1.722615386371153,0.4548496184355144,2.2988904406587234,2.3512252143991335,1.7096667006890693,1.7356337931833727,0.44968526553692645,0.4599893212717221
Yoruba,natlas_llama,underdot_only_removed,2.32553403759413,1.994378669967285,0.24982788690051166,2.2988904406587234,2.3512252143991335,1.9749035384668088,2.013524595449728,0.24525440297619777,0.2543865209191425
Yoruba,natlas_llama,tone_and_underdot_removed,2.32553403759413,1.4686354350569701,0.6464553743881578,2.2988904406587234,2.3512252143991335,1.4598243657093384,1.4775356562784614,0.6405015350839032,0.6521940591918923
Yoruba,natlas_llama,all_Mn_removed,2.32553403759413,1.4677862768580157,0.6470959903020997,2.2988904406587234,2.3512252143991335,1.45902207274709,1.4766530010045253,0.641113954601565,0.6528487475519105
Yoruba,gemma4,tone_only_removed,2.0499846881200545,1.5314133570661284,0.4938846603395735,2.0274882927587004,2.072073926193935,1.5202424683566647,1.5425421592542066,0.48799286129640485,0.4994966735744375
Yoruba,gemma4,underdot_only_removed,2.0499846881200545,1.815301580628144,0.2235109808240146,2.0274882927587004,2.072073926193935,1.7980260299494193,1.8323012234616927,0.2192491313180897,0.22779433414630887
Yoruba,gemma4,tone_and_underdot_removed,2.0499846881200545,1.3687835124098773,0.6487724853681763,2.0274882927587004,2.072073926193935,1.3603188604810057,1.3772863943603433,0.6424256685797648,0.6548697012779093
Yoruba,gemma4,all_Mn_removed,2.0499846881200545,1.3680327875875806,0.6494874718158747,2.0274882927587004,2.072073926193935,1.3595388066807512,1.3765615284338892,0.6431299885439425,0.6555691045680444
