language,tokenizer,denominator,language_word_units,english_word_units,premium_vs_English,ci95_low,ci95_high
Hausa,natlas_llama,whitespace,49468,42855,1.7507588331944484,1.7387147534785068,1.7633034457299783
Hausa,natlas_llama,unicode,49800,43198,1.7530062974174516,1.741281128895188,1.7651180887565634
Hausa,gemma4,whitespace,49468,42855,1.517163354005097,1.5075259656822249,1.526983449242755
Hausa,gemma4,unicode,49800,43198,1.5191109496955648,1.509869011814293,1.5283337672610842
Igbo,natlas_llama,whitespace,48381,42855,2.1026421347291144,2.0866293420631705,2.119240945559196
Igbo,natlas_llama,unicode,50131,43198,2.0454834804123356,2.030326585199239,2.061224877837129
Igbo,gemma4,whitespace,48381,42855,1.8954004834479887,1.8800456464561421,1.911066688957623
Igbo,gemma4,unicode,50131,43198,1.8438755286133817,1.8299184951652598,1.8582133974625525
Yoruba,natlas_llama,whitespace,49550,42855,2.32553403759413,2.2988904406587234,2.3512252143991335
Yoruba,natlas_llama,unicode,49772,43198,2.333691301727718,2.307743077896032,2.35894210710882
Yoruba,gemma4,whitespace,49550,42855,2.0499846881200545,2.0274882927587004,2.072073926193935
Yoruba,gemma4,unicode,49772,43198,2.057175409176155,2.035270739779243,2.078697232248674
