tokenizer,model_id,model_revision,language_code,language,sentence_count,total_words,total_tokens,mean_tokens_per_sentence,corpus_tokens_per_word,fertility_ci95_low,fertility_ci95_high,median_sentence_tokens_per_word,sd_sentence_tokens_per_word,relative_tax_vs_english,tax_ci95_low,tax_ci95_high,percent_more_tokens_per_word_vs_english,corpus_characters_per_token,corpus_non_whitespace_characters_per_token,share_words_1_token,share_words_2_tokens,share_words_3_tokens,share_words_4plus_tokens
natlas,NCAIR1/N-ATLaS,e294476928aca9030e924ca27bb8e085e8581273,eng,English,2009,42855,52963,26.362867098058736,1.2358651265896627,1.2292475996698584,1.2425402223256723,1.2083333333333333,0.15928229263528199,1.0,1.0,1.0,0.0,4.855465136038366,4.084228612427544,0.8288881110722203,0.1336366818340917,0.02606463656516159,0.011410570528526426
natlas,NCAIR1/N-ATLaS,e294476928aca9030e924ca27bb8e085e8581273,hau,Hausa,2009,49468,107034,53.27725236436038,2.163701787013827,2.152581414198864,2.17475437058294,2.1578947368421053,0.2573528521963361,1.7507588331944484,1.7387196011347408,1.7630556885283564,75.07588331944484,2.572033185716688,2.1285572808640247,0.34024015525188,0.35109565779898116,0.2013827120562788,0.10728147489286004
natlas,NCAIR1/N-ATLaS,e294476928aca9030e924ca27bb8e085e8581273,ibo,Igbo,2009,48381,125755,62.59581881533101,2.5992641739525846,2.584138588923589,2.614767053264537,2.6,0.3661421781536321,2.103194044422295,2.0868253414779265,2.119309735197296,110.3194044422295,2.0774044769591664,1.7085921036936902,0.23906078832599575,0.35985200801967715,0.20532853806246254,0.19575866559186458
natlas,NCAIR1/N-ATLaS,e294476928aca9030e924ca27bb8e085e8581273,yor,Yoruba,2009,49550,143881,71.61821801891489,2.9037537840565086,2.8731163982766925,2.9341117654542446,2.9615384615384617,0.6950780811871946,2.3495717466106845,2.322763516943887,2.376298241477863,134.95717466106845,1.7320980532523405,1.4016791654214247,0.2542684157416751,0.2856306760847629,0.17624621594349144,0.28385469223007065
llama3,meta-llama/Meta-Llama-3-8B,8cde5ca8380496c9a6cc7ef3a8b46a0372a1d920,eng,English,2009,42855,52963,26.362867098058736,1.2358651265896627,1.2291834480259192,1.2426776425797117,1.2083333333333333,0.15928229263528199,1.0,1.0,1.0,0.0,4.855465136038366,4.084228612427544,0.8288881110722203,0.1336366818340917,0.02606463656516159,0.011410570528526426
llama3,meta-llama/Meta-Llama-3-8B,8cde5ca8380496c9a6cc7ef3a8b46a0372a1d920,hau,Hausa,2009,49468,107034,53.27725236436038,2.163701787013827,2.1525915508528297,2.1750681684005984,2.1578947368421053,0.2573528521963361,1.7507588331944484,1.7386567114729636,1.7631629923758037,75.07588331944484,2.572033185716688,2.1285572808640247,0.34024015525188,0.35109565779898116,0.2013827120562788,0.10728147489286004
llama3,meta-llama/Meta-Llama-3-8B,8cde5ca8380496c9a6cc7ef3a8b46a0372a1d920,ibo,Igbo,2009,48381,125755,62.59581881533101,2.5992641739525846,2.5840029628588335,2.614865400312422,2.6,0.3661421781536321,2.103194044422295,2.0869053152925376,2.120004982227838,110.3194044422295,2.0774044769591664,1.7085921036936902,0.23906078832599575,0.35985200801967715,0.20532853806246254,0.19575866559186458
llama3,meta-llama/Meta-Llama-3-8B,8cde5ca8380496c9a6cc7ef3a8b46a0372a1d920,yor,Yoruba,2009,49550,143881,71.61821801891489,2.9037537840565086,2.873405326270406,2.933447379637634,2.9615384615384617,0.6950780811871946,2.3495717466106845,2.3227088748792992,2.3760086135667113,134.95717466106845,1.7320980532523405,1.4016791654214247,0.2542684157416751,0.2856306760847629,0.17624621594349144,0.28385469223007065
gemma4,google/gemma-4-12B,023679ed352de9bb66cc873c9009ce3482585c08,eng,English,2009,42855,52995,26.37879542060727,1.2366118305915297,1.2289884953533434,1.2443947780143927,1.1904761904761905,0.18756933428504352,1.0,1.0,1.0,0.0,4.852533257854515,4.081762430417964,0.8417687551044218,0.11788589429471473,0.02538793606346984,0.014957414537393536
gemma4,google/gemma-4-12B,023679ed352de9bb66cc873c9009ce3482585c08,hau,Hausa,2009,49468,92809,46.19661523145844,1.876142152502628,1.8668587857306715,1.885222099413364,1.8666666666666667,0.2148302513758072,1.517163354005097,1.507207404794782,1.5269627475846788,51.716335400509706,2.966253272850693,2.454805029684621,0.44107301689981404,0.3422818791946309,0.1602652219616722,0.056379881943882916
gemma4,google/gemma-4-12B,023679ed352de9bb66cc873c9009ce3482585c08,ibo,Igbo,2009,48381,113472,56.48183175709308,2.3453835183233087,2.3309605216798173,2.360097441076527,2.35,0.3492822121213307,1.8966206373760806,1.8812330954235716,1.912012141217986,89.66206373760805,2.302277213761985,1.8935420191765369,0.34970339596122446,0.28480188503751475,0.18157954568942353,0.1839151733118373
gemma4,google/gemma-4-12B,023679ed352de9bb66cc873c9009ce3482585c08,yor,Yoruba,2009,49550,127295,63.362369337979096,2.569021190716448,2.542748507351204,2.59482374821849,2.6,0.5924893546027503,2.0774677446580503,2.054082346426546,2.1008181417480536,107.74677446580503,1.9577831022428218,1.5843120311088417,0.3258123107971746,0.25820383451059536,0.19505549949545914,0.22092835519677093
