language,tokenizer,condition,premium_before,premium_after,premium_after_ci95_low,premium_after_ci95_high,share_excess_removed,ci95_low,ci95_high
Hausa,natlas_llama,hooked_letters_replaced,2.020920265090724,1.9138266336876688,1.8988790392684334,1.9293359705401558,0.10489911412772103,0.09990859807696324,0.10977918534636334
Igbo,natlas_llama,all_Mn_removed,2.3737703679927495,2.028737042841229,2.0116732277376643,2.046443957319131,0.25115793235201134,0.24613330698822977,0.25611857815858335
Yoruba,natlas_llama,all_Mn_removed,2.6888393784340012,1.6970904216150897,1.681713692570228,1.712418544344072,0.5872369921516893,0.5807756351018606,0.5935340645184861
Yoruba,natlas_llama,tone_only_removed,2.6888393784340012,1.9917300757132337,1.971306410826277,2.0124246827710324,0.4127741877781009,0.40733259270275674,0.4182100174147033
Yoruba,natlas_llama,underdot_only_removed,2.6888393784340012,2.3059494363989956,2.2794387847899227,2.332310959051876,0.22671779621223978,0.2223770830610013,0.23104999566731518
Hausa,gemma4,hooked_letters_replaced,1.751278422492688,1.6991791678460233,1.6861571311167654,1.712672178684327,0.0693474657155774,0.0656835690301616,0.07310199402675746
Igbo,gemma4,all_Mn_removed,2.139805642041702,1.8524577790357581,1.836355410945545,1.8685621654235427,0.252102509767565,0.2470926453205872,0.2571778432734718
Yoruba,gemma4,all_Mn_removed,2.3702424757052554,1.5817529955656193,1.567781489754137,1.5961099025410859,0.5754379200176271,0.5685964392427131,0.5820612113830957
Yoruba,gemma4,tone_only_removed,2.3702424757052554,1.7706576092084159,1.7539463437931426,1.7873805780582863,0.43757574088355194,0.43155418245010835,0.4432720886736515
Yoruba,gemma4,underdot_only_removed,2.3702424757052554,2.0988961222756863,2.0751535638217797,2.122802390477518,0.1980279828137051,0.19408458099964673,0.20194300788924513
