language,codepoint,name,occurrences,covered_by_tone_or_underdot
Hausa,U+0301,COMBINING ACUTE ACCENT,17,True
Hausa,U+0303,COMBINING TILDE,3,False
Hausa,U+0304,COMBINING MACRON,1,True
Hausa,U+0306,COMBINING BREVE,1,False
Hausa,U+0308,COMBINING DIAERESIS,6,False
Hausa,U+0327,COMBINING CEDILLA,2,False
Hausa,U+0329,COMBINING VERTICAL LINE BELOW,0,False
Igbo,U+0300,COMBINING GRAVE ACCENT,251,True
Igbo,U+0301,COMBINING ACUTE ACCENT,59,True
Igbo,U+0303,COMBINING TILDE,13,False
Igbo,U+0304,COMBINING MACRON,22,True
Igbo,U+0306,COMBINING BREVE,1,False
Igbo,U+0307,COMBINING DOT ABOVE,5,False
Igbo,U+0308,COMBINING DIAERESIS,7,False
Igbo,U+0323,COMBINING DOT BELOW,23745,True
Igbo,U+0326,COMBINING COMMA BELOW,1,False
Igbo,U+0327,COMBINING CEDILLA,2,False
Igbo,U+0329,COMBINING VERTICAL LINE BELOW,0,False
Yoruba,U+0300,COMBINING GRAVE ACCENT,23139,True
Yoruba,U+0301,COMBINING ACUTE ACCENT,26184,True
Yoruba,U+0302,COMBINING CIRCUMFLEX ACCENT,1,False
Yoruba,U+0303,COMBINING TILDE,2,False
Yoruba,U+0308,COMBINING DIAERESIS,12,False
Yoruba,U+0323,COMBINING DOT BELOW,15736,True
Yoruba,U+0327,COMBINING CEDILLA,1,False
Yoruba,U+0328,COMBINING OGONEK,30,False
Yoruba,U+0329,COMBINING VERTICAL LINE BELOW,0,False
