language,tokenizer,condition,sentences,NFC_total_tokens,condition_total_tokens,token_reduction,relative_reduction,ci95_low,ci95_high,changed_sentences,fewer_sentences,equal_sentences,more_sentences,wilcoxon_p_raw,wilcoxon_p_holm
Hausa,gemma4,NFD,2009,92809,92838,-29,-0.0003124696958269,-0.0004935731235783,-0.0001514525790015,19,0,1994,15,0.5065635625209504,1.0
Hausa,gemma4,hooked_letters_replaced,2009,92809,90048,2761,0.0297492700061416,0.0281235982814163,0.0313879957799585,1143,1072,937,0,2.492134535391658e-208,2.741347988930824e-207
Hausa,gemma4,published,2009,92809,92809,0,0.0,0.0,0.0,0,0,2009,0,1.0,1.0
Hausa,natlas_llama,NFD,2009,107034,107057,-23,-0.0002148849898162,-0.000361593320513,-9.4009569241299e-05,19,0,1995,14,0.5351103895358971,1.0
Hausa,natlas_llama,hooked_letters_replaced,2009,107034,101362,5672,0.0529925070538334,0.0503729269856821,0.0556785912714699,1143,1143,866,0,7.7386223299270725e-224,9.286346795912487e-223
Hausa,natlas_llama,published,2009,107034,107034,0,0.0,0.0,0.0,0,0,2009,0,1.0,1.0
Igbo,gemma4,NFD,2009,113399,126522,-13123,-0.1157241245513629,-0.1184108823733824,-0.1130397211018496,1810,0,222,1787,0.0,0.0
Igbo,gemma4,all_Mn_removed,2009,113399,98171,15228,0.1342868984735314,0.1312295632972027,0.1372674046916708,1810,1794,215,0,0.0,0.0
Igbo,gemma4,published,2009,113399,113472,-73,-0.0006437446538329,-0.0008464938639014,-0.0004538057361804,69,0,1959,50,0.02951645618937805,0.20661519332564637
Igbo,gemma4,tone_and_underdot_removed,2009,113399,98192,15207,0.1341017116553056,0.1310565136312766,0.1370647653920426,1810,1794,215,0,0.0,0.0
Igbo,gemma4,tone_only_removed,2009,113399,113159,240,0.0021164207797247,0.0017042842104673,0.0025522523528755,155,135,1871,3,3.453669848229564e-08,3.2407877137997905e-07
Igbo,gemma4,underdot_and_U0329_removed,2009,113399,98434,14965,0.1319676540357498,0.1290058033210956,0.1349802291088369,1810,1793,216,0,0.0,0.0
Igbo,gemma4,underdot_only_removed,2009,113399,98434,14965,0.1319676540357498,0.1290477101825186,0.1348798362110696,1810,1793,216,0,0.0,0.0
Igbo,natlas_llama,NFD,2009,125722,135763,-10041,-0.0798666899985682,-0.0818396456447426,-0.0779063545173999,1810,0,235,1774,0.0,0.0
Igbo,natlas_llama,all_Mn_removed,2009,125722,107448,18274,0.1453524442818281,0.1420519690432504,0.1485935449773865,1810,1797,212,0,0.0,0.0
Igbo,natlas_llama,published,2009,125722,125755,-33,-0.0002624838930338,-0.0004034790288376,-0.0001429931281979,69,2,1982,25,0.3111950539522401,1.0
Igbo,natlas_llama,tone_and_underdot_removed,2009,125722,107475,18247,0.1451376847329822,0.1418446129661761,0.148379476653139,1810,1797,212,0,0.0,0.0
Igbo,natlas_llama,tone_only_removed,2009,125722,125414,308,0.0024498496683158,0.0019869997416675,0.0029479541170795,155,132,1877,0,3.2407877137997905e-08,3.2407877137997905e-07
Igbo,natlas_llama,underdot_and_U0329_removed,2009,125722,107786,17936,0.1426639728925725,0.1394642675040824,0.1458783888890518,1810,1796,213,0,0.0,0.0
Igbo,natlas_llama,underdot_only_removed,2009,125722,107786,17936,0.1426639728925725,0.1394709789738534,0.1459259108316495,1810,1796,213,0,0.0,0.0
Yoruba,gemma4,NFD,2009,125611,158883,-33272,-0.2648812603991688,-0.2694897313771853,-0.2601706050392564,1705,0,307,1702,0.0,0.0
Yoruba,gemma4,all_Mn_removed,2009,125611,83825,41786,0.3326619483962392,0.3272890067090694,0.3380548222394925,1705,1702,306,1,0.0,0.0
Yoruba,gemma4,published,2009,125611,127295,-1684,-0.0134064691786548,-0.0162015906109697,-0.0108820903346862,576,57,1771,181,3.6647745605602776e-07,2.931819648448222e-06
Yoruba,gemma4,tone_and_underdot_removed,2009,125611,83871,41740,0.3322957384305515,0.3268014093825072,0.3374803386385929,1704,1702,306,1,0.0,0.0
Yoruba,gemma4,tone_only_removed,2009,125611,93836,31775,0.2529635143418968,0.2484191706146675,0.2574069236939075,1656,1655,354,0,4.25797332640383e-310,5.53536532432498e-309
Yoruba,gemma4,underdot_and_U0329_removed,2009,125611,111231,14380,0.114480419708465,0.1118413663652991,0.1171143349615811,1690,1684,324,1,0.0,0.0
Yoruba,gemma4,underdot_only_removed,2009,125611,111231,14380,0.114480419708465,0.1118292447381901,0.1170768306369694,1690,1684,324,1,0.0,0.0
Yoruba,natlas_llama,NFD,2009,142409,169101,-26692,-0.1874319741027603,-0.1909941722881833,-0.1839005089229455,1705,2,313,1694,0.0,0.0
Yoruba,natlas_llama,all_Mn_removed,2009,142409,89883,52526,0.3688390480938704,0.3632739452803176,0.3741701998501904,1705,1705,304,0,0.0,0.0
Yoruba,natlas_llama,published,2009,142409,143881,-1472,-0.0103364253663742,-0.0127058150419065,-0.0080980457920667,576,107,1772,130,0.24520305540335396,1.0
Yoruba,natlas_llama,tone_and_underdot_removed,2009,142409,89935,52474,0.3684739026325583,0.3628502120755112,0.3739342565673527,1704,1704,305,0,0.0,0.0
Yoruba,natlas_llama,tone_only_removed,2009,142409,105488,36921,0.2592602995597188,0.2548880309073746,0.2635403475901885,1656,1656,353,0,3.4355660260589e-310,4.80979243648243e-309
Yoruba,natlas_llama,underdot_and_U0329_removed,2009,142409,122130,20279,0.142399707883631,0.1394061719655205,0.1454203064857937,1690,1690,319,0,0.0,0.0
Yoruba,natlas_llama,underdot_only_removed,2009,142409,122130,20279,0.142399707883631,0.1392947076156692,0.1453812237205496,1690,1690,319,0,0.0,0.0
