tokenizer,letter,vocabulary_entries,entries_containing_complete_decoded_letter,entries_with_replacement_character
natlas_llama,ẹ,128256,6,1361
natlas_llama,ọ,128256,24,1361
natlas_llama,ṣ,128256,0,1361
natlas_llama,ị,128256,28,1361
natlas_llama,ụ,128256,25,1361
natlas_llama,ƙ,128256,0,1361
natlas_llama,ɗ,128256,0,1361
natlas_llama,ɓ,128256,0,1361
natlas_llama,ƴ,128256,0,1361
gemma4,ẹ,262144,11,134
gemma4,ọ,262144,36,134
gemma4,ṣ,262144,3,134
gemma4,ị,262144,34,134
gemma4,ụ,262144,29,134
gemma4,ƙ,262144,2,134
gemma4,ɗ,262144,1,134
gemma4,ɓ,262144,1,134
gemma4,ƴ,262144,1,134
