language,condition,tweets,natlas_total_tokens,gemma4_total_tokens,gemma_relative_reduction
Hausa,published,21937,663030,550387,0.16989125680587602
Hausa,mentions_urls_removed,21937,618672,503142,0.18673869190782844
Hausa,published_with_diacritics,122,5163,4439,0.14022854929304673
Hausa,published_without_diacritics,21815,657867,545948,0.17012405243005047
Igbo,published,15677,431228,391539,0.09203715899709664
Igbo,mentions_urls_removed,15677,355947,311958,0.12358300533506394
Igbo,published_with_diacritics,4219,137689,124398,0.09652913449876166
Igbo,published_without_diacritics,11458,293539,267141,0.08993012853487947
Yoruba,published,14890,884656,784464,0.11325532184261455
Yoruba,mentions_urls_removed,14890,841253,738320,0.12235677019873925
Yoruba,published_with_diacritics,11739,763290,670968,0.12095271783987738
Yoruba,published_without_diacritics,3151,121366,113496,0.06484517904520215
