language,tokenizer,tweets,tokens_per_whitespace_unit,non_whitespace_characters_per_token,one_token_unit_share,four_plus_token_unit_share
Hausa,gemma4,21937,1.8437375425855145,2.4928949993368303,0.41849207917807024,0.04356870797978005
Hausa,llama3,21937,2.2210795365088085,2.0693739348144127,0.30973780387716615,0.0886448677964739
Hausa,natlas,21937,2.2210795365088085,2.0693739348144127,0.30973780387716615,0.0886448677964739
Igbo,gemma4,15677,2.1088920128621518,2.1457658113240314,0.38660784979074764,0.07956436731462181
Igbo,llama3,15677,2.3226633487916146,1.9482756221766675,0.30589084406525874,0.10631204183969709
Igbo,natlas,15677,2.3226633487916146,1.9482756221766675,0.30589084406525874,0.10631204183969709
Yoruba,gemma4,14890,2.4755244755244754,1.6662791409166005,0.39299058342379645,0.19600300421600061
Yoruba,llama3,14890,2.791699275453788,1.4775641605324557,0.3157140693241776,0.2575988992956502
Yoruba,natlas,14890,2.791699275453788,1.4775641605324557,0.3157140693241776,0.2575988992956502
