language,tokenizer,sentences,tokens_per_whitespace_unit,non_whitespace_characters_per_token,one_token_unit_share,four_plus_token_unit_share
Hausa,gemma4,7913,1.6804422956984961,2.4931967094174508,0.5265719738711659,0.034063146245504126
Hausa,llama3,7913,1.883995854650154,2.2238229408309356,0.4209968534731373,0.05706890002860479
Hausa,natlas,7913,1.883995854650154,2.2238229408309356,0.4209968534731373,0.05706890002860479
Igbo,gemma4,10381,1.9590856441016504,1.8990803905624423,0.508480501989779,0.1215847700581581
Igbo,llama3,10381,2.198971820837805,1.6919094164327881,0.41052378766367414,0.13939093609297998
Igbo,natlas,10381,2.198971820837805,1.6919094164327881,0.41052378766367414,0.13939093609297998
Yoruba,gemma4,9633,3.101783653905801,1.4876998745388537,0.24594821489865884,0.3498161757103806
Yoruba,llama3,9633,3.4859908935638755,1.3237335649046134,0.21767359919274462,0.4123288407697048
Yoruba,natlas,9633,3.4859908935638755,1.3237335649046134,0.21767359919274462,0.4123288407697048
